r2_score,mean_absolute_error,root_mean_squared_error,rmse_over_stdev
0.6757094902491635,0.9256514103428715,1.2977742482272647,0.5694651084577849
