r2_score,mean_absolute_error,root_mean_squared_error,rmse_over_stdev
0.7052420418121932,0.8884241708560078,1.2289337943606948,0.5429161612881008
