r2_score,mean_absolute_error,root_mean_squared_error,rmse_over_stdev
0.47086311031180783,1.2305483395585144,1.6951088981284266,0.7274179607957124
