r2_score,mean_absolute_error,root_mean_squared_error,rmse_over_stdev
0.6858964690582736,0.9562886681600018,1.3147344474290785,0.5604494008755172
