r2_score,mean_absolute_error,root_mean_squared_error,rmse_over_stdev
1.0,1.2390881971262907e-19,1.3113276888286174e-18,5.674847102251017e-19
