r2_score,mean_absolute_error,root_mean_squared_error,rmse_over_stdev
0.6538021877747943,0.909668299353,1.2606090530346405,0.5883857682041657
