r2_score,mean_absolute_error,root_mean_squared_error,rmse_over_stdev
0.6756176731489896,0.9425102116819817,1.305839152166111,0.569415696305252
0.013808191116401173,0.018241546185377978,0.03015196417018185,0.012169291360447509
