r2_score,mean_absolute_error,root_mean_squared_error,rmse_over_stdev
0.6892267826222026,0.9643266050487023,1.328374328760371,0.5574703735426639
