r2_score,mean_absolute_error,root_mean_squared_error,rmse_over_stdev
0.6618743143584509,0.9541093777492785,1.3374309401899471,0.5814857570410039
