r2_score,mean_absolute_error,root_mean_squared_error,rmse_over_stdev
0.2957626936859889,1.1669948121670577,1.7938570689891822,0.8391884808039318
0.0,0.0,0.0,0.0
