r2_score,mean_absolute_error,root_mean_squared_error,rmse_over_stdev
0.9692559505502297,0.2764928443877552,0.40987458305319757,0.1753398113657315
