r2_score,mean_absolute_error,root_mean_squared_error,rmse_over_stdev
0.6631406312196805,0.9491928244499575,1.3149066226373876,0.5803958724700922
