r2_score,mean_absolute_error,root_mean_squared_error,rmse_over_stdev
0.691805429173602,0.9105505714891302,1.260349871224127,0.5551527454911829
