r2_score,mean_absolute_error,root_mean_squared_error,rmse_over_stdev
0.669427235625653,0.9520238190897271,1.3198853575170681,0.5749545759226091
