r2_score,mean_absolute_error,root_mean_squared_error,rmse_over_stdev
0.6281098579054695,0.9176613859967457,1.3035738976928541,0.6098279610632252
