r2_score,mean_absolute_error,root_mean_squared_error,rmse_over_stdev
0.9647661511527165,0.2835035367063492,0.41843602319532075,0.18770681619824997
