r2_score,mean_absolute_error,root_mean_squared_error,rmse_over_stdev
0.49701774823706435,1.1557722547278264,1.639587328841049,0.7092124165318424
