r2_score,mean_absolute_error,root_mean_squared_error,rmse_over_stdev
0.595129550501188,0.904063829787234,1.3601486112483634,0.6362943104403905
