r2_score,mean_absolute_error,root_mean_squared_error,rmse_over_stdev
0.9999999829773449,1.785714285714296e-05,0.00023145502494312077,0.00010104359219124037
1.3925165967172756e-08,1.4580296087995038e-05,0.00018898223650459808,8.25399752890785e-05
