r2_score,mean_absolute_error,root_mean_squared_error,rmse_over_stdev
0.6885796718078686,0.9038672874028254,1.2504955727714664,0.5580504710078932
