r2_score,mean_absolute_error,root_mean_squared_error,rmse_over_stdev
0.6618888003498484,0.9528675306604313,1.338765664963675,0.5814733008919252
