r2_score,mean_absolute_error,root_mean_squared_error,rmse_over_stdev
0.6723369133838932,0.9390919843208503,1.3029469994937881,0.5724186288164517
