r2_score,mean_absolute_error,root_mean_squared_error,rmse_over_stdev
0.970620026753933,0.2797325396825396,0.4041527728618899,0.1714058728459064
