r2_score,mean_absolute_error,root_mean_squared_error,rmse_over_stdev
0.968662010557483,0.2773281894841272,0.41121308489206687,0.17702539208406518
