r2_score,mean_absolute_error,root_mean_squared_error,rmse_over_stdev
0.6890465655938612,0.8957624168808243,1.2482608202668686,0.5576319883275516
