r2_score,mean_absolute_error,root_mean_squared_error,rmse_over_stdev
0.6963527289744053,0.91406388779767,1.275157610203412,0.5510419866267858
