r2_score,mean_absolute_error,root_mean_squared_error,rmse_over_stdev
0.7228731452154777,0.797690509710503,1.125298212279415,0.5264283947361904
0.0,0.0,0.0,0.0
