r2_score,mean_absolute_error,root_mean_squared_error,rmse_over_stdev
0.6987849944408142,0.909308955794947,1.2513761943133954,0.5488305800146217
