r2_score,mean_absolute_error,root_mean_squared_error,rmse_over_stdev
0.7666067279052122,0.6987340425531915,1.0326959857782698,0.48310793006820724
