r2_score,mean_absolute_error,root_mean_squared_error,rmse_over_stdev
0.9689895270930083,0.2761983601899093,0.40350922249096843,0.17590268318758223
0.0029106315371353756,0.009870643120531998,0.018376318781999815,0.00828968964440629
