r2_score,mean_absolute_error,root_mean_squared_error,rmse_over_stdev
0.05209940424754711,1.3998987713151518,2.0811803685945947,0.9736018671677108
