r2_score,mean_absolute_error,root_mean_squared_error,rmse_over_stdev
0.164654650374132,1.5376452834441146,2.0981460018621334,0.9139722914978704
0.0,0.0,0.0,0.0
