r2_score,mean_absolute_error,root_mean_squared_error,rmse_over_stdev
0.9741648115854141,0.251665257936508,0.36103618786642944,0.1607332834685645
