r2_score,mean_absolute_error,root_mean_squared_error,rmse_over_stdev
0.4736062805777074,1.169330809921706,1.6158945064323134,0.7255299576325518
