r2_score,mean_absolute_error,root_mean_squared_error,rmse_over_stdev
0.29576269368598895,1.1669948121670575,1.7938570689891822,0.8391884808039318
