r2_score,mean_absolute_error,root_mean_squared_error,rmse_over_stdev
0.4746312174743502,1.1858435858591871,1.6615824824692393,0.7247359670424499
0.01637050037412913,0.03929922845933027,0.04975062790112974,0.011249915586105913
