r2_score,mean_absolute_error,root_mean_squared_error,rmse_over_stdev
0.5415188064790581,1.019315089668351,1.44740172378831,0.677112393566195
0.0,0.0,0.0,0.0
