y true,y pred
1.2,2.43
2.29,2.26
0.74,0.84
1.46,3.24
2.6,1.0699999999999998
4.17,3.88
5.98,3.5615
3.306,4.19
3.3,4.9
2.6,1.54
0.6,0.84
0.163,1.645
0.17,0.6
0.77,0.82
2.05,2.05
1.3,0.63
2.6,4.04
1.0,0.8
6.17,7.6
1.8,2.1
1.32,3.0
13.105,10.0
0.26,0.655
1.7,1.8
1.12,1.3
0.29,1.154
0.3,0.43
1.85,3.58
0.41,2.4175
0.8,0.65
0.6,0.8
0.7,0.8
1.2,1.2
1.45,1.0699999999999998
0.59,0.62
1.055,1.2
1.1,1.5
1.0,1.225
0.04,4.99
2.67,5.15
1.36,0.73
0.3,0.25
0.15,0.23
2.67,0.4
2.25,0.13
0.93,0.05
2.215,2.17
