r2_score,mean_absolute_error,root_mean_squared_error,rmse_over_stdev
0.9685845511947537,0.2693524936224489,0.3940248969128357,0.177244037432141
