r2_score,mean_absolute_error,root_mean_squared_error,rmse_over_stdev
0.7017168896456214,0.9235163524947412,1.2420008497445643,0.5461530100204322
