r2_score,mean_absolute_error,root_mean_squared_error,rmse_over_stdev
0.6727569399940283,0.9358136829049732,1.3132778044161237,0.5720516235498082
