r2_score,mean_absolute_error,root_mean_squared_error,rmse_over_stdev
1.0,2.4781763942525814e-19,2.6226553776572348e-18,1.1268523910817283e-18
