r2_score,mean_absolute_error,root_mean_squared_error,rmse_over_stdev
0.47409292998540087,1.2141334170571216,1.6963518154483193,0.7251945049533945
