r2_score,mean_absolute_error,root_mean_squared_error,rmse_over_stdev
0.4448508315953349,1.1477661879789944,1.6237863916413549,0.7450833298394651
