r2_score,mean_absolute_error,root_mean_squared_error,rmse_over_stdev
0.49805456316179963,1.0915658267808903,1.5144557125877538,0.7084810772619128
