r2_score,mean_absolute_error,root_mean_squared_error,rmse_over_stdev
0.5476120538961253,1.0277485730604137,1.4377515180394231,0.6725979081917179
0.0,0.0,0.0,0.0
