r2_score,mean_absolute_error,root_mean_squared_error,rmse_over_stdev
0.6437493889349292,0.9773466160761466,1.3690273120804424,0.5968673312094328
