r2_score,mean_absolute_error,root_mean_squared_error,rmse_over_stdev
0.9720147276170258,0.27398314980158733,0.3846321178319594,0.16728799234545852
