r2_score,mean_absolute_error,root_mean_squared_error,rmse_over_stdev
0.7005910238602095,0.9391451357629828,1.243251189134173,0.5471827630141421
