r2_score,mean_absolute_error,root_mean_squared_error,rmse_over_stdev
0.5196717928123935,1.0427839802425314,1.4814853735990414,0.693057145686852
0.0,0.0,0.0,0.0
