r2_score,mean_absolute_error,root_mean_squared_error,rmse_over_stdev
0.7803899141136309,0.7583216602279741,1.0757932551057732,0.46862574180935596
