r2_score,mean_absolute_error,root_mean_squared_error,rmse_over_stdev
0.6868719302659047,0.8870662676585537,1.2359803511996166,0.5595784750453643
