r2_score,mean_absolute_error,root_mean_squared_error,rmse_over_stdev
0.9706986468583749,0.28725375992063473,0.4089573261314606,0.1711763802094935
