r2_score,mean_absolute_error,root_mean_squared_error,rmse_over_stdev
0.6626930026031195,0.9633484078489118,1.3332615403402652,0.5807813679835818
