r2_score,mean_absolute_error,root_mean_squared_error,rmse_over_stdev
0.6588756877800621,0.9764023847605174,1.34542494452684,0.5840584835613106
