r2_score,mean_absolute_error,root_mean_squared_error,rmse_over_stdev
0.5328932046153035,1.013423277455366,1.4609535739931654,0.6834521163802892
