r2_score,mean_absolute_error,root_mean_squared_error,rmse_over_stdev
0.6970691615768365,0.9107987251609376,1.2618724479063985,0.5503076267165047
0.010475015033915692,0.019071137602637008,0.023486176954801347,0.009610119708501771
