r2_score,mean_absolute_error,root_mean_squared_error,rmse_over_stdev
0.9999999728333263,2.976190476190479e-05,0.0003857583749052301,0.00016482315887977132
