r2_score,mean_absolute_error,root_mean_squared_error,rmse_over_stdev
0.7215051116814795,0.9119127793639217,1.2651613650283131,0.5277261489811931
