r2_score,mean_absolute_error,root_mean_squared_error,rmse_over_stdev
0.5067403580634112,1.041997005207256,1.5012952626276528,0.7023244563138812
