r2_score,mean_absolute_error,root_mean_squared_error,rmse_over_stdev
0.6679382424609633,0.9571124880038049,1.3210192093404387,0.5759774228576828
0.020362055606032076,0.015324902779641488,0.03613862951812283,0.017656893760192485
