r2_score,mean_absolute_error,root_mean_squared_error,rmse_over_stdev
0.47027664706861616,1.1067915160040949,1.5538155739821904,0.7278209621406793
