r2_score,mean_absolute_error,root_mean_squared_error,rmse_over_stdev
0.9646816425655645,0.287597693452381,0.429596800765922,0.18793178931313193
