r2_score,mean_absolute_error,root_mean_squared_error,rmse_over_stdev
0.9999999723291817,2.976190476190491e-05,0.0003857583749052301,0.0001663454787644325
