r2_score,mean_absolute_error,root_mean_squared_error,rmse_over_stdev
0.4491773225340565,1.2377125175829662,1.7228744983913953,0.7421742904910835
