r2_score,mean_absolute_error,root_mean_squared_error,rmse_over_stdev
0.6858323797771941,0.9802418051515198,1.352082362678505,0.5605065746472612
