r2_score,mean_absolute_error,root_mean_squared_error,rmse_over_stdev
0.705207842999203,0.9520050029261061,1.3030449963861017,0.5429476558571711
