r2_score,mean_absolute_error,root_mean_squared_error,rmse_over_stdev
0.6333490602837986,0.9525100435742895,1.340132346559708,0.6055170845782979
