r2_score,mean_absolute_error,root_mean_squared_error,rmse_over_stdev
0.6848880198092149,0.9376955181981712,1.286618523076835,0.5613483590345527
