r2_score,mean_absolute_error,root_mean_squared_error,rmse_over_stdev
0.6758240098849381,0.9534098630121622,1.3264316492070631,0.5693645494014022
