r2_score,mean_absolute_error,root_mean_squared_error,rmse_over_stdev
0.6872952990190329,0.9350259114393906,1.2999639033099901,0.5592000545251824
