r2_score,mean_absolute_error,root_mean_squared_error,rmse_over_stdev
0.6717167805621659,0.9400758908437377,1.287669911659381,0.5729600504728354
