r2_score,mean_absolute_error,root_mean_squared_error,rmse_over_stdev
0.6525948141939373,0.9585512868502513,1.3324853912957477,0.5894108802915522
