r2_score,mean_absolute_error,root_mean_squared_error,rmse_over_stdev
0.669427235625653,0.9520238190897272,1.319885357517068,0.5749545759226091
0.0,0.0,0.0,0.0
