r2_score,mean_absolute_error,root_mean_squared_error,rmse_over_stdev
0.6654581126817194,0.9140955941953864,1.2363845625323728,0.5783959606690564
