r2_score,mean_absolute_error,root_mean_squared_error,rmse_over_stdev
0.48675075525732014,1.1825986965299122,1.6705196568889702,0.7164141572740449
