r2_score,mean_absolute_error,root_mean_squared_error,rmse_over_stdev
0.689788572357122,0.97032171714328,1.3346390259499625,0.556966271548716
