r2_score,mean_absolute_error,root_mean_squared_error,rmse_over_stdev
0.4896033465086881,1.2164430654682599,1.7083420481226441,0.7144205018693905
