r2_score,mean_absolute_error,root_mean_squared_error,rmse_over_stdev
0.4900732026675064,1.1973390537624755,1.6895441068157309,0.7140915888963355
