r2_score,mean_absolute_error,root_mean_squared_error,rmse_over_stdev
0.9664467520945895,0.275074136904762,0.41316843139860265,0.18317545661308018
