r2_score,mean_absolute_error,root_mean_squared_error,rmse_over_stdev
0.6428901988498512,0.8401914893617024,1.2774067522282393,0.5975866473994786
0.0,0.0,0.0,0.0
